1,1,Aaigem
2,2,Aalbeke
3,3,Aalst
4,4,Aalst (Limb.)
5,5,Aalter
6,6,Aarschot
7,7,Aarsele
8,8,Aartrijke
9,9,Aartselaar
10,10,Abée
11,11,Abolens
12,12,Achel
13,13,Achêne
14,14,Achet
15,15,Acosse
16,16,Acoz
17,17,Adegem
18,18,Adinkerke
19,19,Affligem
20,20,Afsnee
21,21,Agimont
22,22,Aineffe
23,23,Aische-en-Refail
24,24,Aiseau
25,25,Aiseau-Presles
26,26,Aisemont
27,27,Alken
28,28,Alle
29,29,Alleur
30,30,Alsemberg
31,31,Alveringem
32,32,Amay
33,33,Amberloup
34,34,Amblève
35,35,Ambly
36,36,Ambresin
37,37,Amel
38,38,Amonines
39,39,Amougies
40,40,Ampsin
41,41,Andenne
42,42,Anderlecht
43,43,Anderlues
44,44,Andrimont
45,45,Angleur
46,46,Angre
47,47,Angreau
48,48,Anhée
49,49,Anlier
50,50,Anloy
51,51,Annevoie-Rouillon
52,52,Ans
53,53,Anseremme
54,54,Anseroeul
55,55,Anthée
56,56,Antheit
57,57,Anthisnes
58,58,Antoing
59,59,Antwerpen 1
60,60,Antwerpen 1
61,61,Antwerpen 2
62,62,Antwerpen 3
63,63,Antwerpen 4
64,64,Antwerpen 5
65,65,Antwerpen 6
66,66,Anvaing
67,67,Anzegem
68,68,Appels
69,69,Appelterre-Eichem
70,70,Arbre (Ht.)
71,71,Arbre (Nam.)
72,72,Arbrefontaine
73,73,Arc-Ainières
74,74,Archennes
75,75,Arc-Wattripont
76,76,Ardooie
77,77,Arendonk
78,78,Argenteau
79,79,Arlon
80,80,Arquennes
81,81,Arsimont
82,82,Arville
83,83,As
84,84,Aspelare
85,85,Asper
86,86,Asquillies
87,87,Asse
88,88,Assebroek
89,89,Assenede
90,90,Assenois
91,91,Assent
92,92,Assesse
93,93,Astene
94,94,Ath
95,95,Athis
96,96,Athus
97,97,Attenhoven
98,98,Attenrode
99,99,Attert
100,100,Attre
101,101,Aubange
102,102,Aubechies
103,103,Aubel
104,104,Aublain
105,105,Auby-sur-Semois
106,106,Auderghem
107,107,Audregnies
108,108,Aulnois
109,109,Autelbas
110,110,Autre-Eglise
111,111,Autreppe
112,112,Auvelais
113,113,Ave-et-Auffe
114,114,Avekapelle
115,115,Avelgem
116,116,Avennes
117,117,Averbode
118,118,Avernas-le-Bauduin
119,119,Avin
120,120,Awans
121,121,Awenne
122,122,Awirs
123,123,Aye
124,124,Ayeneux
125,125,Aywaille
126,126,Baaigem
127,127,Baal
128,128,Baardegem
129,129,Baarle-Hertog
130,130,Baasrode
131,131,Bachte-Maria-Leerne
132,132,Baelen (Lg.)
133,133,Bagimont
134,134,Baileux
135,135,Bailièvre
136,136,Baillamont
137,137,Bailleul
138,138,Baillonville
139,139,Baisieux
140,140,Baisy-thy
141,141,Balâtre
142,142,Balegem
143,143,Balen
144,144,Bambrugge
145,145,Bande
146,146,Barbençon
147,147,Barchon
148,148,Baronville
149,149,Barry
150,150,Barvaux-Condroz
151,151,Barvaux-sur-Ourthe
152,152,Basècles
153,153,Bas-Oha
154,154,Basse-Bodeux
155,155,Bassenge
156,156,Bassevelde
157,157,Bassilly
158,158,Bastogne
159,159,Bas-Warneton
160,160,Batsheers
161,161,Battice
162,162,Battignies
163,163,Baudour
164,164,Bauffe
165,165,Baugnies
166,166,Baulers
167,167,Bavegem
168,168,Bavikhove
169,169,Bazel
170,170,Beaufays
171,171,Beaumont
172,172,Beauraing
173,173,Beausaint
174,174,Beauvechain
175,175,Beauwelz
176,176,Beclers
177,177,Beek
178,178,Beerlegem
179,179,Beernem
180,180,Beerse
181,181,Beersel
182,182,Beerst
183,183,Beert
184,184,Beervelde
185,185,Beerzel
186,186,Beez
187,187,Beffe
188,188,Begijnendijk
189,189,Beho
190,190,Beigem
191,191,Bekegem
192,192,Bekkerzeel
193,193,Bekkevoort
194,194,Belgrade
195,195,Bellaire
196,196,Bellecourt
197,197,Bellefontaine (Lux.)
198,198,Bellefontaine (Nam.)
199,199,Bellegem
200,200,Bellem
201,201,Bellevaux
202,202,Bellevaux-Ligneuville
203,203,Bellingen
204,204,Beloeil
205,205,Belsele
206,206,Ben-Ahin
207,207,Bende
208,208,Berbroek
209,209,Berchem (Antwerpen)
210,210,Berchem (O.-Vl.)
211,211,Berchem-Sainte-Agathe
212,212,Berendrecht
213,213,Berg (Bt.)
214,214,Berg (Limb.)
215,215,Bergilers
216,216,Beringen
217,217,Berlaar
218,218,Berlare
219,219,Berlingen
220,220,Berloz
221,221,Berneau
222,222,Bernissart
223,223,Bersillies-l'Abbaye
224,224,Bertem
225,225,Bertogne
226,226,Bertrée
227,227,Bertrix
228,228,Berzée
229,229,Beselare
230,230,Betekom
231,231,Bettincourt
232,232,Beuzet
233,233,Bevel
234,234,Bever
235,235,Bevercé
236,236,Bevere
237,237,Beveren (Leie)
238,238,Beveren (Roeselare)
239,239,Beveren-aan-den-Ijzer
240,240,Beveren-Waas
241,241,Beverlo
242,242,Beverst
243,243,Beyne-Heusay
244,244,Bienne-lez-Happart
245,245,Bierbeek
246,246,Biercée
247,247,Bierges
248,248,Bierghes
249,249,Bierset
250,250,Bierwart
251,251,Biesme
252,252,Biesmerée
253,253,Biesme-sous-Thuin
254,254,Biévène
255,255,Bièvre
256,256,Biez
257,257,Bihain
258,258,Bikschote
259,259,Bilstain
260,260,Bilzen
261,261,Binche
262,262,Binderveld
263,263,Binkom
264,264,Bioul
265,265,Bissegem
266,266,Bizet
267,267,Blaasveld
268,268,Blaimont
269,269,Blandain
270,270,Blanden
271,271,Blankenberge
272,272,Blaregnies
273,273,Blaton
274,274,Blaugies
275,275,Blégny
276,276,Bléharies
277,277,Blehen
278,278,Bleid
279,279,Bleret
280,280,Blicquy
281,281,Bocholt
282,282,Boechout
283,283,Boekhout
284,284,Boekhoute
285,285,Boëlhe
286,286,Boezinge
287,287,Bogaarden
288,288,Bohan
289,289,Boignée
290,290,Boirs
291,291,Bois-de-Lessines
292,292,Bois-de-Villers
293,293,Bois-d'Haine
294,294,Bois-et-Borsu
295,295,Bolinne
296,296,Bolland
297,297,Bomal (Bt.)
298,298,Bomal-sur-Ourthe
299,299,Bombaye
300,300,Bommershoven
301,301,Boncelles
302,302,Boneffe
303,303,Bonheiden
304,304,Boninne
305,305,Bonlez
306,306,Bonnert
307,307,Bonneville
308,308,Bon-Secours
309,309,Bonsin
310,310,Booischot
311,311,Booitshoeke
312,312,Boom
313,313,Boorsem
314,314,Boortmeerbeek
315,315,Borchtlombeek
316,316,Borgerhout (Antwerpen)
317,317,Borgloon
318,318,Borlez
319,319,Borlo
320,320,Borlon
321,321,Bornem
322,322,Bornival
323,323,Borsbeek (Antw.)
324,324,Borsbeke
325,325,Bossière
326,326,Bossuit
327,327,Bossut-Gottechain
328,328,Bost
329,329,Bothey
330,330,Bottelare
331,331,Bouffioulx
332,332,Bouge
333,333,Bougnies
334,334,Bouillon
335,335,Bourlers
336,336,Bourseigne-Neuve
337,337,Bourseigne-Vieille
338,338,Boussoit
339,339,Boussu
340,340,Boussu-en-Fagne
341,341,Boussu-lez-Walcourt
342,342,Bousval
343,343,Boutersem
344,344,Bouvignes-sur-Meuse
345,345,Bouvignies
346,346,Bouwel
347,347,Bovekerke
348,348,Bovelingen
349,349,Bovenistier
350,350,Bovesse
351,351,Bovigny
352,352,Bra
353,353,Braffe
354,354,Braibant
355,355,Braine-l'Alleud
356,356,Braine-le-Château
357,357,Braine-le-Comte
358,358,Braives
359,359,Brakel
360,360,Branchon
361,361,Bras
362,362,Brasmenil
363,363,Brasschaat
364,364,Bray
365,365,Brecht
366,366,Bredene
367,367,Bree
368,368,Breendonk
369,369,Bressoux
370,370,Brielen
371,371,Broechem
372,372,Broekom
373,373,Brucargo
374,374,Brugelette
375,375,Brugge
376,376,Brûly
377,377,Brûly-de-Pesche
378,378,Brunehaut
379,379,Brussegem
380,380,Brussel 1
381,381,Brussel 12
382,382,Brussel 13
383,383,Brussel 14
384,384,Brussel 15
385,385,Brussel 16
386,386,Brussel 17
387,387,Brussel 18
388,388,Brussel 19
389,389,Brussel 2
390,390,Brussel 20
391,391,Brussel 21
392,392,Brussel 3
393,393,Brussel 4
394,394,Brussel 5
395,395,Brussel 6
396,396,Brussel 7
397,397,Brussel 8
398,398,Brussel 9
399,399,Brustem
400,400,Bruxelles 1
401,401,Bruxelles 12
402,402,Bruxelles 13
403,403,Bruxelles 14
404,404,Bruxelles 15
405,405,Bruxelles 16
406,406,Bruxelles 17
407,407,Bruxelles 18
408,408,Bruxelles 19
409,409,Bruxelles 2
410,410,Bruxelles 20
411,411,Bruxelles 21
412,412,Bruxelles 3
413,413,Bruxelles 4
414,414,Bruxelles 5
415,415,Bruxelles 6
416,416,Bruxelles 7
417,417,Bruxelles 8
418,418,Bruxelles 9
419,419,Bruyelle
420,420,Brye
421,421,Budingen
422,422,Buggenhout
423,423,Buissenal
424,424,Buissonville
425,425,Buizingen
426,426,Buken
427,427,Bullange
428,428,Büllingen
429,429,Bulskamp
430,430,Bunsbeek
431,431,Burcht
432,432,Burdinne
433,433,Bure
434,434,Burg-Reuland
435,435,Burst
436,436,Bury
437,437,Butgenbach
438,438,Bütgenbach
439,439,Buvingen
440,440,Buvrinnes
441,441,Buzenol
442,442,Buzet
443,443,Callenelle
444,444,Calonne
445,445,Cambron-Casteau
446,446,Cambron-Saint-Vincent
447,447,Carlsbourg
448,448,Carnières
449,449,Casteau (Mons)
450,450,Casteau (Soignies)
451,451,Castillon
452,452,Celles (Ht.)
453,453,Celles (Lg.)
454,454,Celles (Nam.)
455,455,Cerexhe-Heuseux
456,456,Cerfontaine
457,457,Céroux-Mousty
458,458,Ch.-Notre-Dame-Louvignies
459,459,Chaineux
460,460,Chairière
461,461,Champion
462,462,Champlon
463,463,Chanly
464,464,Chantemelle
465,465,Chapelle-à-Oie
466,466,Chapelle-à-Wattines
467,467,Chapelle-lez-Herlaimont
468,468,Chapon-Seraing
469,469,Charleroi
470,470,Charneux
471,471,Chassepierre
472,472,Chastre
473,473,Chastrès
474,474,Chastre-Villeroux-Blanmont
475,475,Châtelet
476,476,Châtelineau
477,477,Châtillon
478,478,Chaudfontaine
479,479,Chaumont-Gistoux
480,480,Chênée
481,481,Cherain
482,482,Cheratte
483,483,Chercq
484,484,Chevetogne
485,485,Chevron
486,486,Chièvres
487,487,Chimay
488,488,Chiny
489,489,Chokier
490,490,Ciergnon
491,491,Ciney
492,492,Ciplet
493,493,Ciply
494,494,Clabecq
495,495,Clavier
496,496,Clermont (Lg.)
497,497,Clermont (Nam.)
498,498,Clermont-sous-Huy
499,499,Cognelée
500,500,Colfontaine
501,501,Comblain-au-Pont
502,502,Comblain-Fairon
503,503,Comblain-la-Tour
504,504,Comines
505,505,Comines-Warneton
506,506,Conneux
507,507,Corbais
508,508,Corbion
509,509,Cordes
510,510,Corenne
511,511,Cornesse
512,512,Cornimont
513,513,Corroy-le-Château
514,514,Corroy-le-Grand
515,515,Corswarem
516,516,Cortil-Noirmont
517,517,Cortil-Wodon
518,518,Couillet
519,519,Courcelles
520,520,Courrière
521,521,Cour-sur-Heure
522,522,Court-Saint-Etienne
523,523,Couthuin
524,524,Coutisse
525,525,Couture-Saint-Germain
526,526,Couvin
527,527,Cras-Avernas
528,528,Crehen
529,529,Crisnée
530,530,Croix-lez-Rouveroy
531,531,Crombach
532,532,Crupet
533,533,Cuesmes
534,534,Cugnon
535,535,Cul-des-Sarts
536,536,Custinne
537,537,Dadizele
538,538,Dailly
539,539,Daknam
540,540,Dalhem
541,541,Damme
542,542,Dampicourt
543,543,Dampremy
544,544,Darion
545,545,Daussois
546,546,Daussoulx
547,547,Dave
548,548,Daverdisse
549,549,De Haan
550,550,De Klinge
551,551,De Moeren
552,552,De Panne
553,553,De Pinte
554,554,Deerlijk
555,555,Deftinge
556,556,Deinze
557,557,Denderbelle
558,558,Denderhoutem
559,559,Denderleeuw
560,560,Dendermonde
561,561,Denderwindeke
562,562,Denée
563,563,Dentergem
564,564,Dergneau
565,565,Dessel
566,566,Desselgem
567,567,Destelbergen
568,568,Deurle
569,569,Deurne (Antwerpen)
570,570,Deurne (Bt.)
571,571,Deux-Acren
572,572,Dhuy
573,573,Diegem
574,574,Diepenbeek
575,575,Diest
576,576,Diets-Heur
577,577,Dikkebus
578,578,Dikkele
579,579,Dikkelvenne
580,580,Diksmuide
581,581,Dilbeek
582,582,Dilsen
583,583,Dinant
584,584,Dion
585,585,Dion-Valmont
586,586,Dison
587,587,Dochamps
588,588,Doel
589,589,Dohan
590,590,Doische
591,591,Dolembreux
592,592,Donceel
593,593,Dongelberg
594,594,Donk
595,595,Donstiennes
596,596,Dorinne
597,597,Dormaal
598,598,Dottenijs
599,599,Dottignies
600,600,Dour
601,601,Dourbes
602,602,Dranouter
603,603,Dréhance
604,604,Driekapellen
605,605,Drieslinter
606,606,Drogenbos
607,607,Drongen
608,608,Dudzele
609,609,Duffel
610,610,Duisburg
611,611,Duras
612,612,Durbuy
613,613,Durnal
614,614,Dworp
615,615,Eben-Emael
616,616,Ebly
617,617,Ecaussinnes
618,618,Ecaussinnes-d'Enghien
619,619,Ecaussinnes-Lalaing
620,620,Edegem
621,621,Edelare
622,622,Edingen
623,623,Eeklo
624,624,Eernegem
625,625,Egem
626,626,Eggewaartskapelle
627,627,Eghezée
628,628,Ehein (Engis)
629,629,Ehein (Neupré)
630,630,Eigenbilzen
631,631,Eindhout
632,632,Eine
633,633,Eisden
634,634,Eke
635,635,Ekeren (Antwerpen)
636,636,Eksaarde
637,637,Eksel
638,638,Elen
639,639,Elene
640,640,Elewijt
641,641,Eliksem
642,642,Elingen
643,643,Ellemelle
644,644,Ellezelles
645,645,Ellignies-lez-Frasnes
646,646,Ellignies-Sainte-Anne
647,647,Ellikom
648,648,Elouges
649,649,Elsegem
650,650,Elsenborn
651,651,Elsene
652,652,Elst
653,653,Elverdinge
654,654,Elversele
655,655,Emblem
656,656,Embourg
657,657,Emelgem
658,658,Emines
659,659,Emptinne
660,660,Ename
661,661,Engelmanshoven
662,662,Enghien
663,663,Engis
664,664,Enines
665,665,Ensival
666,666,Epinois
667,667,Eppegem
668,668,Eprave
669,669,Erbaut
670,670,Erbisoeul
671,671,Ere
672,672,Erembodegem
673,673,Erezée
674,674,Ermeton-sur-Biert
675,675,Ernage
676,676,Erneuville
677,677,Ernonheid
678,678,Erondegem
679,679,Erpe
680,680,Erpe-Mere
681,681,Erpent
682,682,Erpion
683,683,Erps-kwerps
684,684,Erquelinnes
685,685,Erquennes
686,686,Ertvelde
687,687,Erwetegem
688,688,Escanaffles
689,689,Esen
690,690,Esneux
691,691,Espierres
692,692,Espierres-Helchin
693,693,Esplechin
694,694,Esquelmes
695,695,Essen
696,696,Essene
697,697,Estaimbourg
698,698,Estaimpuis
699,699,Estinnes
700,700,Estinnes-au-Mont
701,701,Estinnes-au-Val
702,702,Etalle
703,703,Ethe
704,704,Etikhove
705,705,Ettelgem
706,706,Etterbeek
707,707,Eugies (Colfontaine)
708,708,Eugies (Frameries)
709,709,Eupen
710,710,Evegnée
711,711,Evelette
712,712,Everbeek
713,713,Everberg
714,714,Evere
715,715,Evergem
716,716,Evregnies
717,717,Evrehailles
718,718,Eynatten
719,719,Ezemaal
720,720,Fagnolle
721,721,Faimes
722,722,Falaën
723,723,Falisolle
724,724,Fallais
725,725,Falmagne
726,726,Falmignoul
727,727,Familleureux
728,728,Farciennes
729,729,Faulx-les-Tombes
730,730,Fauroeulx
731,731,Fauvillers
732,732,Faymonville
733,733,Fays-les-Veneurs
734,734,Fayt-le-Franc
735,735,Fayt-lez-Manage
736,736,Felenne
737,737,Feluy
738,738,Feneur
739,739,Fernelmont
740,740,Ferrières
741,741,Feschaux
742,742,Fexhe-le-Haut-Clocher
743,743,Fexhe-Slins
744,744,Filot
745,745,Finnevaux
746,746,Fize-Fontaine
747,747,Fize-le-Marsal
748,748,Flamierge
749,749,Flavion
750,750,Flawinne
751,751,Flémalle
752,752,Flémalle-Grande
753,753,Flémalle-Haute
754,754,Flénu
755,755,Fléron
756,756,Fleurus
757,757,Flobecq
758,758,Flône
759,759,Florée
760,760,Floreffe
761,761,Florennes
762,762,Florenville
763,763,Floriffoux
764,764,Flostoy
765,765,Focant
766,766,Folx-les-Caves
767,767,Fontaine-l'Evêque
768,768,Fontaine-Valmont
769,769,Fontenelle
770,770,Fontenoille
771,771,Fontenoy
772,772,Fooz
773,773,Forchies-la-Marche
774,774,Forest
775,775,Forest (Ht.)
776,776,Forêt
777,777,Forge-Philippe
778,778,Forges
779,779,Forrières
780,780,Forville
781,781,Fosse (Lg.)
782,782,Fosses-la-Ville
783,783,Fouleng
784,784,Fourbechies
785,785,Fouron-le-Comte
786,786,Fourons
787,787,Fouron-Saint-Martin
788,788,Fouron-Saint-Pierre
789,789,Foy-Notre-Dame
790,790,Fraipont
791,791,Fraire
792,792,Fraiture
793,793,Frameries
794,794,Framont
795,795,Franchimont
796,796,Francorchamps
797,797,Franc-Waret
798,798,Franière
799,799,Frasnes (Nam.)
800,800,Frasnes-lez-Buissenal
801,801,Frasnes-lez-Gosselies
802,802,Freloux
803,803,Freux
804,804,Froidchapelle
805,805,Froidfontaine
806,806,Froidmont
807,807,Fronville
808,808,Froyennes
809,809,Fumal
810,810,Furfooz
811,811,Furnaux
812,812,Gaasbeek
813,813,Gages
814,814,Gallaix
815,815,Galmaarden
816,816,Ganshoren
817,817,Gaurain-Ramecroix
818,818,Gavere
819,819,Gedinne
820,820,Geel
821,821,Geer
822,822,Geest-Gérompont-Pt-Rosière
823,823,Geetbets
824,824,Gelbressée
825,825,Gelinden
826,826,Gellik
827,827,Gelrode
828,828,Geluveld
829,829,Geluwe
830,830,Gembes
831,831,Gembloux
832,832,Gemmenich
833,833,Genappe
834,834,Genk
835,835,Genly
836,836,Genoelselderen
837,837,Gent
838,838,Gentbrugge
839,839,Gentinnes
840,840,Genval
841,841,Geraardsbergen
842,842,Gerdingen
843,843,Gerin
844,844,Gérompont
845,845,Gérouville
846,846,Gerpinnes
847,847,Gestel
848,848,Gesves
849,849,Ghislenghien
850,850,Ghlin
851,851,Ghoy
852,852,Gibecq
853,853,Gierle
854,854,Gijverinkhove
855,855,Gijzegem
856,856,Gijzelbrechtegem
857,857,Gijzenzele
858,858,Gilly (Charleroi)
859,859,Gimnée
860,860,Gingelom
861,861,Gistel
862,862,Gits
863,863,Givry
864,864,Glabais
865,865,Glabbeek(Zuurbemde)
866,866,Glain
867,867,Gleixhe
868,868,Glimes
869,869,Glons
870,870,Gochenée
871,871,Godarville
872,872,Godinne
873,873,Godveerdegem
874,874,Goé
875,875,Goeferdinge
876,876,Goegnies-Chaussée
877,877,Goesnes
878,878,Goetsenhoven
879,879,Gomze-Andoumont
880,880,Gondregnies
881,881,Gonrieux
882,882,Gontrode
883,883,Gooik
884,884,Gorsem
885,885,Gors-Opleeuw
886,886,Gosselies
887,887,Gotem
888,888,Gottem
889,889,Gottignies
890,890,Gougnies
891,891,Gourdinne
892,892,Goutroux
893,893,Gouvy
894,894,Gouy-lez-Piéton
895,895,Gozée
896,896,Grâce-Berleur
897,897,Grâce-Hollogne
898,898,Graide
899,899,Grammene
900,900,Grand-Axhe
901,901,Grandglise
902,902,Grand-Hallet
903,903,Grand-Halleux
904,904,Grandhan
905,905,Grand-Leez
906,906,Grand-Manil
907,907,Grandmenil
908,908,Grandmetz
909,909,Grand-Rechain
910,910,Grand-Reng
911,911,Grandrieu
912,912,Grand-Rosière-Hottomont
913,913,Grandville
914,914,Grandvoir
915,915,Grapfontaine
916,916,Graty
917,917,Graux
918,918,Grazen
919,919,Grembergen
920,920,Grez-Doiceau
921,921,Grimbergen
922,922,Grimminge
923,923,Grivegnée (Liège)
924,924,Grobbendonk
925,925,Groot-Bijgaarden
926,926,Groot-Gelmen
927,927,Groot-Loon
928,928,Grosage
929,929,Gros-Fays
930,930,Grote-Brogel
931,931,Grotenberge
932,932,Grote-Spouwen
933,933,Gruitrode
934,934,Grune
935,935,Grupont
936,936,Guignies
937,937,Guigoven
938,938,Guirsch
939,939,Gullegem
940,940,Gutschoven
941,941,Haacht
942,942,Haaltert
943,943,Haasdonk
944,944,Haasrode
945,945,Habay
946,946,Habay-la-Neuve
947,947,Habay-la-Vieille
948,948,Habergy
949,949,Haccourt
950,950,Hachy
951,951,Hacquegnies
952,952,Haillot
953,953,Haine-Saint-Paul
954,954,Haine-Saint-Pierre
955,955,Hainin
956,956,Hakendover
957,957,Halanzy
958,958,Halen
959,959,Hallaar
960,960,Halle
961,961,Halle (Kempen)
962,962,Halle-Booienhoven
963,963,Halleux
964,964,Halma
965,965,Halmaal
966,966,Haltinne
967,967,Ham
968,968,Hamipré
969,969,Hamme (Bt.)
970,970,Hamme (O.-Vl.)
971,971,Hamme-Mille
972,972,Hamoir
973,973,Hamois
974,974,Hamont
975,975,Hamont-Achel
976,976,Hampteau
977,977,Ham-sur-Heure
978,978,Ham-sur-Heure/Nalinnes
979,979,Ham-sur-Sambre
980,980,Handzame
981,981,Haneffe
982,982,Hannêche
983,983,Hannut
984,984,Hanret
985,985,Hansbeke
986,986,Han-sur-Lesse
987,987,Hantes-Wihéries
988,988,Hanzinelle
989,989,Hanzinne
990,990,Harchies
991,991,Harelbeke
992,992,Haren (Borgloon)
993,993,Haren (Tongeren)
994,994,Hargimont
995,995,Harmignies
996,996,Harnoncourt
997,997,Harre
998,998,Harsin
999,999,Harveng
1000,1000,Harzé
1001,1001,Hasselt
1002,1002,Hastière
1003,1003,Hastière-Lavaux
1004,1004,Hastière-par-Delà
1005,1005,Hatrival
1006,1006,Haulchin
1007,1007,Hauset
1008,1008,Haut-Fays
1009,1009,Haut-Ittre
1010,1010,Haut-le-Wastia
1011,1011,Hautrage
1012,1012,Havay
1013,1013,Havelange
1014,1014,Haversin
1015,1015,Havinnes
1016,1016,Havré
1017,1017,Hechtel
1018,1018,Heer
1019,1019,Heers
1020,1020,Hees
1021,1021,Heestert
1022,1022,Heffen
1023,1023,Heikruis
1024,1024,Heindonk
1025,1025,Heinsch
1026,1026,Heist-aan-Zee
1027,1027,Heist-Op-Den-Berg
1028,1028,Hekelgem
1029,1029,Heks
1030,1030,Helchin
1031,1031,Helchteren
1032,1032,Heldergem
1033,1033,Hélécine
1034,1034,Helen-Bos
1035,1035,Helkijn
1036,1036,Hellebecq
1037,1037,Hemelveerdegem
1038,1038,Hemiksem
1039,1039,Hemptinne (Fernelmont)
1040,1040,Hemptinne-lez-Florennes
1041,1041,Hendrieken
1042,1042,Henis
1043,1043,Hennuyères
1044,1044,Henri-Chapelle
1045,1045,Henripont
1046,1046,Hensies
1047,1047,Heppen
1048,1048,Heppenbach
1049,1049,Heppignies
1050,1050,Herbeumont
1051,1051,Herchies
1052,1052,Herderen
1053,1053,Herdersem
1054,1054,Herent
1055,1055,Herentals
1056,1056,Herenthout
1057,1057,Herfelingen
1058,1058,Hergenrath
1059,1059,Hérinnes-lez-Pecq
1060,1060,Herk-de-Stad
1061,1061,Hermalle-sous-Argenteau
1062,1062,Hermalle-sous-Huy
1063,1063,Hermée
1064,1064,Hermeton-sur-Meuse
1065,1065,Herne
1066,1066,Héron
1067,1067,Herquegies
1068,1068,Herseaux
1069,1069,Herselt
1070,1070,Herstal
1071,1071,Herstappe
1072,1072,Hertain
1073,1073,Herten
1074,1074,Hertsberge
1075,1075,Herve
1076,1076,Herzele
1077,1077,Heule
1078,1078,Heure (Nam.)
1079,1079,Heure-le-Romain
1080,1080,Heurne
1081,1081,Heusden (Limb.)
1082,1082,Heusden (O.-Vl.)
1083,1083,Heusden-Zolder
1084,1084,Heusy
1085,1085,Hever
1086,1086,Heverlee
1087,1087,Hévillers
1088,1088,Heyd
1089,1089,Hillegem
1090,1090,Hingene
1091,1091,Hingeon
1092,1092,Hives
1093,1093,Hoboken (Antwerpen)
1094,1094,Hodeige
1095,1095,Hodister
1096,1096,Hody
1097,1097,Hoegaarden
1098,1098,Hoeilaart
1099,1099,Hoeke
1100,1100,Hoelbeek
1101,1101,Hoeleden
1102,1102,Hoepertingen
1103,1103,Hoeselt
1104,1104,Hoevenen
1105,1105,Hofstade (Bt.)
1106,1106,Hofstade (O.-Vl.)
1107,1107,Hogne
1108,1108,Hognoul
1109,1109,Hollain
1110,1110,Hollange
1111,1111,Hollebeke
1112,1112,Hollogne-aux-Pierres
1113,1113,Hollogne-sur-Geer
1114,1114,Holsbeek
1115,1115,Hombeek
1116,1116,Hombourg
1117,1117,Hompré
1118,1118,Hondelange
1119,1119,Honnay
1120,1120,Honnelles
1121,1121,Hooglede
1122,1122,Hoogstade
1123,1123,Hoogstraten
1124,1124,Horebeke
1125,1125,Horion-Hozémont
1126,1126,Hornu
1127,1127,Horpmaal
1128,1128,Horrues
1129,1129,Hotton
1130,1130,Houdemont
1131,1131,Houdeng-Aimeries
1132,1132,Houdeng-Goegnies
1133,1133,Houdremont
1134,1134,Houffalize
1135,1135,Hour
1136,1136,Housse
1137,1137,Houtaing
1138,1138,Houtain-le-Val
1139,1139,Houtain-Saint-Siméon
1140,1140,Houtave
1141,1141,Houtem (W.-Vl.)
1142,1142,Houthalen
1143,1143,Houthalen-Helchteren
1144,1144,Houthem (Comines)
1145,1145,Houthulst
1146,1146,Houtvenne
1147,1147,Houwaart
1148,1148,Houx
1149,1149,Houyet
1150,1150,Hove
1151,1151,Hoves (Ht.)
1152,1152,Howardries
1153,1153,Huccorgne
1154,1154,Huise
1155,1155,Huissignies
1156,1156,Huizingen
1157,1157,Huldenberg
1158,1158,Hulshout
1159,1159,Hulsonniaux
1160,1160,Hulste
1161,1161,Humain
1162,1162,Humbeek
1163,1163,Hundelgem
1164,1164,Huppaye
1165,1165,Huy
1166,1166,Hyon
1167,1167,Ichtegem
1168,1168,Iddergem
1169,1169,Idegem
1170,1170,Ieper
1171,1171,Impe
1172,1172,Incourt
1173,1173,Ingelmunster
1174,1174,Ingooigem
1175,1175,Irchonwelz
1176,1176,Isières
1177,1177,Isnes
1178,1178,Itegem
1179,1179,Itterbeek
1180,1180,Ittre
1181,1181,Ivoz-Ramet
1182,1182,Ixelles
1183,1183,Izegem
1184,1184,Izel
1185,1185,Izenberge
1186,1186,Izier
1187,1187,Jabbeke
1188,1188,Jalhay
1189,1189,Jallet
1190,1190,Jamagne
1191,1191,Jambes (Namur)
1192,1192,Jamiolle
1193,1193,Jamioulx
1194,1194,Jamoigne
1195,1195,Jandrain-Jandrenouille
1196,1196,Jauche
1197,1197,Jauchelette
1198,1198,Javingue
1199,1199,Jehay
1200,1200,Jehonville
1201,1201,Jemappes
1202,1202,Jemelle
1203,1203,Jemeppe-sur-Meuse
1204,1204,Jemeppe-sur-Sambre
1205,1205,Jeneffe (Lg.)
1206,1206,Jeneffe (Nam.)
1207,1207,Jesseren
1208,1208,Jette
1209,1209,Jeuk
1210,1210,Jodoigne
1211,1211,Jodoigne-Souveraine
1212,1212,Jollain-Merlin
1213,1213,Joncret
1214,1214,Julémont
1215,1215,Jumet (Charleroi)
1216,1216,Jupille-sur-Meuse
1217,1217,Juprelle
1218,1218,Jurbise
1219,1219,Juseret
1220,1220,Kaaskerke
1221,1221,Kachtem
1222,1222,Kaggevinne
1223,1223,Kain (Tournai)
1224,1224,Kalken
1225,1225,Kallo (Beveren-Waas)
1226,1226,Kallo (Kieldrecht)
1227,1227,Kalmthout
1228,1228,Kampenhout
1229,1229,Kanegem
1230,1230,Kanne
1231,1231,Kapellen (Antw.)
1232,1232,Kapellen (Bt.)
1233,1233,Kapelle-op-den-Bos
1234,1234,Kaprijke
1235,1235,Kaster
1236,1236,Kasterlee
1237,1237,Kaulille
1238,1238,Keerbergen
1239,1239,Keiem
1240,1240,Kelmis
1241,1241,Kemexhe
1242,1242,Kemmel
1243,1243,Kemzeke
1244,1244,Kerkhove
1245,1245,Kerkom
1246,1246,Kerkom-bij-Sint-Truiden
1247,1247,Kerksken
1248,1248,Kermt
1249,1249,Kerniel
1250,1250,Kersbeek-Miskom
1251,1251,Kessel
1252,1252,Kessel-Lo
1253,1253,Kessenich
1254,1254,Kester
1255,1255,Kettenis
1256,1256,Keumiée
1257,1257,Kieldrecht (Beveren)
1258,1258,Kinrooi
1259,1259,Kleine-Brogel
1260,1260,Kleine-Spouwen
1261,1261,Klein-Gelmen
1262,1262,Klemskerke
1263,1263,Klerken
1264,1264,Kluisbergen
1265,1265,Kluizen
1266,1266,Knesselare
1267,1267,Knokke
1268,1268,Knokke-Heist
1269,1269,Kobbegem
1270,1270,Koekelare
1271,1271,Koekelberg
1272,1272,Koersel
1273,1273,Koksijde
1274,1274,Kolmont (Borgloon)
1275,1275,Kolmont (Tongeren)
1276,1276,Komen
1277,1277,Komen-Waasten
1278,1278,Koningshooikt
1279,1279,Koninksem
1280,1280,Kontich
1281,1281,Kooigem
1282,1282,Koolkerke
1283,1283,Koolskamp
1284,1284,Korbeek-Dijle
1285,1285,Korbeek-Lo
1286,1286,Kortemark
1287,1287,Kortenaken
1288,1288,Kortenberg
1289,1289,Kortessem
1290,1290,Kortijs
1291,1291,Kortrijk
1292,1292,Kortrijk-Dutsel
1293,1293,Kozen
1294,1294,Kraainem
1295,1295,Krombeke
1296,1296,Kruibeke
1297,1297,Kruishoutem
1298,1298,Kumtich
1299,1299,Kuringen
1300,1300,Kuttekoven
1301,1301,Kuurne
1302,1302,Kwaadmechelen
1303,1303,Kwaremont
1304,1304,La Bouverie
1305,1305,La Calamine
1306,1306,La Glanerie
1307,1307,La Gleize
1308,1308,La Hestre
1309,1309,La Hulpe
1310,1310,La Louvière
1311,1311,La Reid
1312,1312,La Roche-en-Ardenne
1313,1313,Laar
1314,1314,Laarne
1315,1315,Labuissière
1316,1316,Lacuisine
1317,1317,Ladeuze
1318,1318,Laeken
1319,1319,Laforêt
1320,1320,Lahamaide
1321,1321,Lamain
1322,1322,Lambermont
1323,1323,Lambusart
1324,1324,Lamine
1325,1325,Lamontzée
1326,1326,Lamorteau
1327,1327,Lampernisse
1328,1328,Lanaken
1329,1329,Lanaye
1330,1330,Landegem
1331,1331,Landelies
1332,1332,Landen
1333,1333,Landenne
1334,1334,Landskouter
1335,1335,Laneffe
1336,1336,Langdorp
1337,1337,Langemark
1338,1338,Langemark-Poelkapelle
1339,1339,Lanklaar
1340,1340,Lanquesaint
1341,1341,Lantin
1342,1342,Lantremange
1343,1343,Laplaigne
1344,1344,Lapscheure
1345,1345,Lasne
1346,1346,Lasne-Chapelle-St-Lambert
1347,1347,Lathuy
1348,1348,Latinne
1349,1349,Latour
1350,1350,Lauw
1351,1351,Lauwe
1352,1352,Lavacherie
1353,1353,Lavaux-Sainte-Anne
1354,1354,Lavoir
1355,1355,Le Mesnil
1356,1356,Le Roeulx
1357,1357,Le Roux
1358,1358,Lebbeke
1359,1359,L'Ecluse
1360,1360,Lede
1361,1361,Ledeberg (Gent)
1362,1362,Ledegem
1363,1363,Leefdaal
1364,1364,Leerbeek
1365,1365,Leernes
1366,1366,Leers-et-Fosteau
1367,1367,Leers-Nord
1368,1368,Leest
1369,1369,Leeuwergem
1370,1370,Leffinge
1371,1371,Léglise
1372,1372,Leignon
1373,1373,Leisele
1374,1374,Leke
1375,1375,Lembeek
1376,1376,Lembeke
1377,1377,Lemberge
1378,1378,Lendelede
1379,1379,Lennik
1380,1380,Lens
1381,1381,Lens-Saint-Remy
1382,1382,Lens-Saint-Servais
1383,1383,Lens-sur-Geer
1384,1384,Leopoldsburg
1385,1385,Les Avins
1386,1386,Les Bulles
1387,1387,Les Hayons
1388,1388,Les Waleffes
1389,1389,L'Escaillère
1390,1390,Lesdain
1391,1391,Lessines
1392,1392,Lessive
1393,1393,Lesterny
1394,1394,Lesve
1395,1395,Lettelingen
1396,1396,Letterhoutem
1397,1397,Leugnies
1398,1398,Leupegem
1399,1399,Leut
1400,1400,Leuven
1401,1401,Leuze (Nam.)
1402,1402,Leuze-en-Hainaut
1403,1403,Leval-Chaudeville
1404,1404,Leval-Trahegnies
1405,1405,Liberchies
1406,1406,Libin
1407,1407,Libramont-Chevigny
1408,1408,Lichtaart
1409,1409,Lichtervelde
1410,1410,Liedekerke
1411,1411,Lieferinge
1412,1412,Liège 1
1413,1413,Liège 2
1414,1414,Lier
1415,1415,Lierde
1416,1416,Lierneux
1417,1417,Liernu
1418,1418,Liers
1419,1419,Liezele
1420,1420,Ligne
1421,1421,Ligney
1422,1422,Ligny
1423,1423,Lille
1424,1424,Lillo
1425,1425,Lillois-Witterzée
1426,1426,Limal
1427,1427,Limbourg
1428,1428,Limelette
1429,1429,Limerlé
1430,1430,Limont
1431,1431,Lincent
1432,1432,Linden
1433,1433,Linkebeek
1434,1434,Linkhout
1435,1435,Linsmeau
1436,1436,Lint
1437,1437,Linter
1438,1438,Lippelo
1439,1439,Lisogne
1440,1440,Lissewege
1441,1441,Lives-sur-Meuse
1442,1442,Lixhe
1443,1443,Lo
1444,1444,Lobbes
1445,1445,Lochristi
1446,1446,Lodelinsart
1447,1447,Loenhout
1448,1448,Loker
1449,1449,Lokeren
1450,1450,Loksbergen
1451,1451,Lombardsijde
1452,1452,Lombise
1453,1453,Lommel
1454,1454,Lommersweiler
1455,1455,Lompret
1456,1456,Lomprez
1457,1457,Loncin
1458,1458,Londerzeel
1459,1459,Longchamps (Lux.)
1460,1460,Longchamps (Nam.)
1461,1461,Longlier
1462,1462,Longueville
1463,1463,Longvilly
1464,1464,Lontzen
1465,1465,Lonzée
1466,1466,Loonbeek
1467,1467,Loppem
1468,1468,Lorcé
1469,1469,Lo-Reninge
1470,1470,Lot
1471,1471,Lotenhulle
1472,1472,Louette-Saint-Denis
1473,1473,Louette-Saint-Pierre
1474,1474,Loupoigne
1475,1475,Louvain-la-Neuve
1476,1476,Louveigné (Aywaille)
1477,1477,Louveigné (Sprimont)
1478,1478,Lovendegem
1479,1479,Lovenjoel
1480,1480,Loverval
1481,1481,Loyers
1482,1482,Lubbeek
1483,1483,Luingne
1484,1484,Lummen
1485,1485,Lustin
1486,1486,Luttre
1487,1487,LUXEMBOURG (BEGGEN)
1488,1488,Maarkedal
1489,1489,Maarke-Kerkem
1490,1490,Maaseik
1491,1491,Maasmechelen
1492,1492,Mabompré
1493,1493,Machelen (Bt)
1494,1494,Machelen (O.-Vl.)
1495,1495,Macon
1496,1496,Macquenoise
1497,1497,Maffe
1498,1498,Maffle
1499,1499,Magnée
1500,1500,Maillen
1501,1501,Mainvault
1502,1502,Maisières
1503,1503,Maissin
1504,1504,Maizeret
1505,1505,Mal
1506,1506,Maldegem
1507,1507,Malderen
1508,1508,Malempré
1509,1509,Malèves-Ste-Marie-Wastines
1510,1510,Malle
1511,1511,Malmédy
1512,1512,Malonne
1513,1513,Malvoisin
1514,1514,Manage
1515,1515,Manderfeld
1516,1516,Manhay
1517,1517,Mannekensvere
1518,1518,Maransart
1519,1519,Marbais (Bt.)
1520,1520,Marbaix (Ht.)
1521,1521,Marche-en-Famenne
1522,1522,Marche-les-Dames
1523,1523,Marche-lez-Ecaussinnes
1524,1524,Marchienne-au-Pont
1525,1525,Marchin
1526,1526,Marchipont
1527,1527,Marchovelette
1528,1528,Marcinelle
1529,1529,Marcourt
1530,1530,Marcq
1531,1531,Marenne
1532,1532,Mariakerke (Gent)
1533,1533,Mariekerke (Bornem)
1534,1534,Mariembourg
1535,1535,Marilles
1536,1536,Mark
1537,1537,Marke (Kortrijk)
1538,1538,Markegem
1539,1539,Marneffe
1540,1540,Marquain
1541,1541,Martelange
1542,1542,Martenslinde
1543,1543,Martouzin-Neuville
1544,1544,Masbourg
1545,1545,Masnuy-Saint-Jean (Mons)
1546,1546,Masnuy-Saint-Pierre
1547,1547,Masnuy-St-Jean (Jurbise)
1548,1548,Massemen
1549,1549,Massenhoven
1550,1550,Matagne-la-Grande
1551,1551,Matagne-la-Petite
1552,1552,Mater
1553,1553,Maubray
1554,1554,Maulde
1555,1555,Maurage
1556,1556,Mazée
1557,1557,Mazenzele
1558,1558,Mazy
1559,1559,Méan
1560,1560,Mechelen
1561,1561,Mechelen-aan-de-Maas
1562,1562,Mechelen-Bovelingen
1563,1563,Meeffe
1564,1564,Meensel-Kiezegem
1565,1565,Meer
1566,1566,Meerbeek
1567,1567,Meerbeke
1568,1568,Meerdonk
1569,1569,Meerhout
1570,1570,Meerle
1571,1571,Meeswijk
1572,1572,Meetkerke
1573,1573,Meeuwen
1574,1574,Meeuwen-Gruitrode
1575,1575,Mehaigne
1576,1576,Meigem
1577,1577,Meilegem
1578,1578,Meise
1579,1579,Meix-devant-Virton
1580,1580,Meix-le-Tige
1581,1581,Melden
1582,1582,Meldert (Bt.)
1583,1583,Meldert (Limb.)
1584,1584,Meldert (O.-Vl.)
1585,1585,Melen
1586,1586,Mélin
1587,1587,Melkwezer
1588,1588,Melle
1589,1589,Mellery
1590,1590,Melles
1591,1591,Mellet
1592,1592,Mellier
1593,1593,Melsbroek
1594,1594,Melsele
1595,1595,Melsen
1596,1596,Membach
1597,1597,Membre
1598,1598,Membruggen
1599,1599,Mendonk
1600,1600,Menen
1601,1601,Merbes-le-Château
1602,1602,Merbes-Sainte-Marie
1603,1603,Merchtem
1604,1604,Merdorp
1605,1605,Mere
1606,1606,Merelbeke
1607,1607,Merendree
1608,1608,Merkem
1609,1609,Merksem (Antwerpen)
1610,1610,Merksplas
1611,1611,Merlemont
1612,1612,Mesen
1613,1613,Meslin-l'Evêque
1614,1614,Mesnil-Eglise
1615,1615,Mesnil-Saint-Blaise
1616,1616,Mespelare
1617,1617,Messancy
1618,1618,Messelbroek
1619,1619,Messines
1620,1620,Mesvin
1621,1621,Mettekoven
1622,1622,Mettet
1623,1623,Meulebeke
1624,1624,Meux
1625,1625,Mévergnies-lez-Lens
1626,1626,Meyrode
1627,1627,Michelbeke
1628,1628,Micheroux
1629,1629,Middelburg
1630,1630,Middelkerke
1631,1631,Miécret
1632,1632,Mielen-boven-Aalst
1633,1633,Mignault
1634,1634,Millen
1635,1635,Milmort
1636,1636,Minderhout
1637,1637,Mirwart
1638,1638,Modave
1639,1639,Moelingen
1640,1640,Moen
1641,1641,Moerbeke
1642,1642,Moerbeke-Waas
1643,1643,Moere
1644,1644,Moerkerke
1645,1645,Moerzeke
1646,1646,Moeskroen
1647,1647,Moha
1648,1648,Mohiville
1649,1649,Moignelée
1650,1650,Moircy
1651,1651,Mol
1652,1652,Molenbaix
1653,1653,Molenbeek-Saint-Jean
1654,1654,Molenbeek-Wersbeek
1655,1655,Molenbeersel
1656,1656,Molenstede
1657,1657,Mollem
1658,1658,Momalle
1659,1659,Momignies
1660,1660,Monceau-en-Ardenne
1661,1661,Monceau-Imbrechies
1662,1662,Monceau-sur-Sambre
1663,1663,Mons
1664,1664,Mons-lez-Liège
1665,1665,Monstreux
1666,1666,Mont (Lux.)
1667,1667,Mont (Nam.)
1668,1668,Montbliart
1669,1669,Mont-de-l'Enclus
1670,1670,Montegnée
1671,1671,Montenaken
1672,1672,Mont-Gauthier
1673,1673,Montignies-lez-Lens
1674,1674,Montignies-St-Christophe
1675,1675,Montignies-sur-Roc
1676,1676,Montignies-sur-Sambre
1677,1677,Montigny-le-Tilleul
1678,1678,Montleban
1679,1679,Montroeul-au-Bois
1680,1680,Montroeul-sur-Haine
1681,1681,Mont-Saint-André
1682,1682,Mont-Saint-Aubert
1683,1683,Mont-Sainte-Aldegonde
1684,1684,Mont-Sainte-Geneviève
1685,1685,Mont-Saint-Guibert
1686,1686,Mont-sur-Marchienne
1687,1687,Montzen
1688,1688,Moorsel
1689,1689,Moorsele
1690,1690,Moorslede
1691,1691,Moortsele
1692,1692,Mopertingen
1693,1693,Moregem
1694,1694,Moresnet
1695,1695,Morhet
1696,1696,Morialmé
1697,1697,Morkhoven
1698,1698,Morlanwelz
1699,1699,Morlanwelz-Mariemont
1700,1700,Mormont
1701,1701,Mornimont
1702,1702,Mortier
1703,1703,Mortroux
1704,1704,Mortsel
1705,1705,Morville
1706,1706,Mouland
1707,1707,Moulbaix
1708,1708,Mourcourt
1709,1709,Mouscron
1710,1710,Moustier (Ht.)
1711,1711,Moustier-sur-Sambre
1712,1712,Mouzaive
1713,1713,Moxhe
1714,1714,Mozet
1715,1715,Muizen (Limb.)
1716,1716,Muizen (Mechelen)
1717,1717,Mullem
1718,1718,Munkzwalm
1719,1719,Muno
1720,1720,Munsterbilzen
1721,1721,Munte
1722,1722,Musson
1723,1723,Mussy-la-Ville
1724,1724,My
1725,1725,Naast
1726,1726,Nadrin
1727,1727,Nafraiture
1728,1728,Nalinnes
1729,1729,Namêche
1730,1730,Namur
1731,1731,Nandrin
1732,1732,Naninne
1733,1733,Naomé
1734,1734,Nassogne
1735,1735,Natoye
1736,1736,Nazareth
1737,1737,Néchin
1738,1738,Neder-over-Heembeek
1739,1739,Nederboelare
1740,1740,Nederbrakel
1741,1741,Nederename
1742,1742,Nederhasselt
1743,1743,Nederokkerzeel
1744,1744,Nederzwalm-Hermelgem
1745,1745,Neerglabbeek
1746,1746,Neerharen
1747,1747,Neerhespen
1748,1748,Neerheylissem
1749,1749,Neerijse
1750,1750,Neerlanden
1751,1751,Neerlinter
1752,1752,Neeroeteren
1753,1753,Neerpelt
1754,1754,Neerrepen
1755,1755,Neervelp
1756,1756,Neerwaasten
1757,1757,Neerwinden
1758,1758,Neigem
1759,1759,Nerem
1760,1760,Nessonvaux
1761,1761,Nethen
1762,1762,Nettinne
1763,1763,Neufchâteau
1764,1764,Neufchâteau (Lg.)
1765,1765,Neufmaison
1766,1766,Neufvilles
1767,1767,Neu-Moresnet
1768,1768,Neupré
1769,1769,Neuville (Philippeville)
1770,1770,Neuville-en-Condroz
1771,1771,Nevele
1772,1772,Niel
1773,1773,Niel-bij-As
1774,1774,Niel-bij-Sint-Truiden
1775,1775,Nieuwenhove
1776,1776,Nieuwenrode
1777,1777,Nieuwerkerken (Aalst)
1778,1778,Nieuwerkerken (Limb.)
1779,1779,Nieuwkapelle
1780,1780,Nieuwkerke
1781,1781,Nieuwkerken-Waas
1782,1782,Nieuwmunster
1783,1783,Nieuwpoort
1784,1784,Nieuwrode
1785,1785,Nijlen
1786,1786,Nil-St-Vincent-St-Martin
1787,1787,Nimy (Mons)
1788,1788,Ninove
1789,1789,Nismes
1790,1790,Nivelles
1791,1791,Niverlée
1792,1792,Nives
1793,1793,Nobressart
1794,1794,Nodebais
1795,1795,Noduwez
1796,1796,Noirchain
1797,1797,Noirefontaine
1798,1798,Noiseux
1799,1799,Nokere
1800,1800,Nollevaux
1801,1801,Noorderwijk
1802,1802,Noordschote
1803,1803,Nossegem
1804,1804,Nothomb
1805,1805,Nouvelles
1806,1806,Noville (Lg.)
1807,1807,Noville (Lux.)
1808,1808,Noville-les-Bois
1809,1809,Noville-sur-Méhaigne
1810,1810,Nukerke
1811,1811,Obaix
1812,1812,Obigies
1813,1813,Obourg
1814,1814,Ochamps
1815,1815,Ocquier
1816,1816,Odeigne
1817,1817,Odeur
1818,1818,Oedelem
1819,1819,Oekene
1820,1820,Oelegem
1821,1821,Oeren
1822,1822,Oeselgem
1823,1823,Oetingen
1824,1824,Oeudeghien
1825,1825,Oevel
1826,1826,Offagne
1827,1827,Ogy
1828,1828,Ohain
1829,1829,Ohey
1830,1830,Oignies-en-Thiérache
1831,1831,Oisquercq
1832,1832,Oizy
1833,1833,Okegem
1834,1834,Olen
1835,1835,Oleye
1836,1836,Ollignies
1837,1837,Olloy-sur-Viroin
1838,1838,Olmen
1839,1839,Olne
1840,1840,Olsene
1841,1841,Omal
1842,1842,Ombret
1843,1843,Omezée
1844,1844,On
1845,1845,Onhaye
1846,1846,Onkerzele
1847,1847,Onnezies
1848,1848,Onoz
1849,1849,Onze-Lieve-Vrouw-Lombeek
1850,1850,Onze-Lieve-Vrouw-Waver
1851,1851,Ooigem
1852,1852,Ooike (Oudenaarde)
1853,1853,Ooike (Wortegem-Petegem)
1854,1854,Oomb.(St-Lievens-Houtem)
1855,1855,Oombergen (Zottegem)
1856,1856,Oorbeek
1857,1857,Oordegem
1858,1858,Oostakker
1859,1859,Oostduinkerke
1860,1860,Oosteeklo
1861,1861,Oostende
1862,1862,Oosterzele
1863,1863,Oostham
1864,1864,Oostkamp
1865,1865,Oostkerke (Damme)
1866,1866,Oostkerke (Diksmuide)
1867,1867,Oostmalle
1868,1868,Oostnieuwkerke
1869,1869,Oostrozebeke
1870,1870,Oostvleteren
1871,1871,Oostwinkel
1872,1872,Opbrakel
1873,1873,Opdorp
1874,1874,Opglabbeek
1875,1875,Opgrimbie
1876,1876,Ophain-Bois-Seigneur-Isaac
1877,1877,Ophasselt
1878,1878,Opheers
1879,1879,Opheylissem
1880,1880,Ophoven
1881,1881,Opitter
1882,1882,Oplinter
1883,1883,Opoeteren
1884,1884,Opont
1885,1885,Opprebais
1886,1886,Oppuurs
1887,1887,Opvelp
1888,1888,Opwijk
1889,1889,Orbais
1890,1890,Orchimont
1891,1891,Orcq
1892,1892,Ordingen
1893,1893,Oret
1894,1894,Oreye
1895,1895,Orgeo
1896,1896,Ormeignies
1897,1897,Orp-Jauche
1898,1898,Orp-le-Grand
1899,1899,Orroir
1900,1900,Orsmaal-Gussenhoven
1901,1901,Ortho
1902,1902,Ostiches
1903,1903,Otegem
1904,1904,Oteppe
1905,1905,Othée
1906,1906,Otrange
1907,1907,Ottenburg
1908,1908,Ottergem
1909,1909,Ottignies
1910,1910,Oudegem
1911,1911,Oudekapelle
1912,1912,Oudenaarde
1913,1913,Oudenaken
1914,1914,Oudenburg
1915,1915,Oudergem
1916,1916,Oud-Heverlee
1917,1917,Oud-Turnhout
1918,1918,Ouffet
1919,1919,Ougrée
1920,1920,Oupeye
1921,1921,Outer
1922,1922,Outgaarden
1923,1923,Outrelouxhe
1924,1924,Outrijve
1925,1925,Ouwegem
1926,1926,Overboelare
1927,1927,Overhespen
1928,1928,Overijse
1929,1929,Overmere
1930,1930,Overpelt
1931,1931,Overrepen
1932,1932,Overwinden
1933,1933,Paal
1934,1934,Paifve
1935,1935,Pailhe
1936,1936,Paliseul
1937,1937,Pamel
1938,1938,Papignies
1939,1939,Parike
1940,1940,PARIS
1941,1941,Passendale
1942,1942,Patignies
1943,1943,Pâturages
1944,1944,Paulatem
1945,1945,Pecq
1946,1946,Peer
1947,1947,Peissant
1948,1948,Pellaines
1949,1949,Pellenberg
1950,1950,Pepingen
1951,1951,Pepinster
1952,1952,Perk
1953,1953,Péronnes-lez-Antoing
1954,1954,Péronnes-lez-Binche
1955,1955,Péruwelz
1956,1956,Pervijze
1957,1957,Perwez
1958,1958,Perwez-Haillot
1959,1959,Pesche
1960,1960,Pessoux
1961,1961,Petegem-aan-de-Leie
1962,1962,Petegem-aan-de-Schelde
1963,1963,Petigny
1964,1964,Petite-Chapelle
1965,1965,Petit-Enghien
1966,1966,Petit-Fays
1967,1967,Petit-Hallet
1968,1968,Petit-Rechain
1969,1969,Petit-Roeulx-lez-Braine
1970,1970,Petit-Roeulx-lez-Nivelles
1971,1971,Petit-Thier
1972,1972,Peutie
1973,1973,Philippeville
1974,1974,Piéton
1975,1975,Piétrain
1976,1976,Piètrebais
1977,1977,Pipaix
1978,1978,Piringen
1979,1979,Pironchamps
1980,1980,Pittem
1981,1981,Plainevaux
1982,1982,Plancenoit
1983,1983,Ploegsteert
1984,1984,Plombières
1985,1985,Poederlee
1986,1986,Poeke
1987,1987,Poelkapelle
1988,1988,Poesele
1989,1989,Pollare
1990,1990,Polleur (Theux)
1991,1991,Polleur (Verviers)
1992,1992,Pollinkhove
1993,1993,Pommeroeul
1994,1994,Pondrôme
1995,1995,Pont-à-Celles
1996,1996,Pont-de-Loup
1997,1997,Pontillas
1998,1998,Poperinge
1999,1999,Poppel
2000,2000,Popuelles
2001,2001,Porcheresse (Lux.)
2002,2002,Porcheresse (Nam.)
2003,2003,Pottes
2004,2004,Poucet
2005,2005,Poulseur
2006,2006,Poupehan
2007,2007,Pousset
2008,2008,Presgaux
2009,2009,Presles
2010,2010,Profondeville
2011,2011,Proven
2012,2012,Pry
2013,2013,Pulderbos
2014,2014,Pulle
2015,2015,Purnode
2016,2016,Pussemange
2017,2017,Putte
2018,2018,Puurs
2019,2019,Quaregnon
2020,2020,Quartes
2021,2021,Quenast
2022,2022,Queue-du-Bois
2023,2023,Quevaucamps
2024,2024,Quévy-le-Grand
2025,2025,Quévy-le-Petit
2026,2026,Quiévrain
2027,2027,Rachecourt
2028,2028,Racour
2029,2029,Raeren
2030,2030,Ragnies
2031,2031,Rahier
2032,2032,Ramegnies
2033,2033,Ramegnies-Chin
2034,2034,Ramelot
2035,2035,Ramillies
2036,2036,Ramsdonk
2037,2037,Ramsel
2038,2038,Ramskapelle (Knokke-Heist)
2039,2039,Ramskapelle (Nieuwpoort)
2040,2040,Rance
2041,2041,Ransart
2042,2042,Ransberg
2043,2043,Ranst
2044,2044,Ravels
2045,2045,Rebaix
2046,2046,Rebecq
2047,2047,Rebecq-Rognon
2048,2048,Recht
2049,2049,Recogne
2050,2050,Redu
2051,2051,Reet
2052,2052,Rekem
2053,2053,Rekkem
2054,2054,Relegem
2055,2055,Remagne
2056,2056,Remersdaal
2057,2057,Remicourt
2058,2058,Renaix
2059,2059,Rendeux
2060,2060,Reninge
2061,2061,Reningelst
2062,2062,Renlies
2063,2063,Reppel
2064,2064,Ressaix
2065,2065,Ressegem
2066,2066,Resteigne
2067,2067,Retie
2068,2068,Retinne
2069,2069,Reuland
2070,2070,Rèves
2071,2071,Rhisnes
2072,2072,Rhode-Saint-Genèse
2073,2073,Richelle
2074,2074,Riemst
2075,2075,Rienne
2076,2076,Rièzes
2077,2077,Rijkel
2078,2078,Rijkevorsel
2079,2079,Rijkhoven
2080,2080,Rijmenam
2081,2081,Riksingen
2082,2082,Rillaar
2083,2083,Rivière
2084,2084,Rixensart
2085,2085,Robechies
2086,2086,Robelmont
2087,2087,Robertville
2088,2088,Roborst
2089,2089,Rochefort
2090,2090,Rochehaut
2091,2091,Rocherath
2092,2092,Roclenge-sur-Geer
2093,2093,Rocourt
2094,2094,Roesbrugge-Haringe
2095,2095,Roeselare
2096,2096,Rognée
2097,2097,Roisin
2098,2098,Roksem
2099,2099,Rollegem
2100,2100,Rollegem-Kapelle
2101,2101,Roloux
2102,2102,Roly
2103,2103,Romedenne
2104,2104,Romerée
2105,2105,Romershoven
2106,2106,Romsée
2107,2107,Rongy
2108,2108,Ronquières
2109,2109,Ronse
2110,2110,Ronsele
2111,2111,Roosbeek
2112,2112,Roosdaal
2113,2113,ROQUEFORT
2114,2114,Rosée
2115,2115,Roselies
2116,2116,Rosières
2117,2117,Rosmeer
2118,2118,Rosoux-Crenwick
2119,2119,Rossignol
2120,2120,Rotem
2121,2121,Rotheux-Rimière
2122,2122,Rotselaar
2123,2123,Roucourt
2124,2124,Rouveroy (Ht.)
2125,2125,Rouvreux
2126,2126,Rouvroy
2127,2127,Roux
2128,2128,Roux-Miroir
2129,2129,Roy
2130,2130,Rozebeke
2131,2131,Ruddervoorde
2132,2132,Ruette
2133,2133,Ruien
2134,2134,Ruisbroek (Antw.)
2135,2135,Ruisbroek (Bt.)
2136,2136,Ruiselede
2137,2137,Rukkelingen-Loon
2138,2138,Rulles
2139,2139,Rumbeke
2140,2140,Rumes
2141,2141,Rumillies
2142,2142,Rummen
2143,2143,Rumsdorp
2144,2144,Rumst
2145,2145,Runkelen
2146,2146,Rupelmonde
2147,2147,Russeignies
2148,2148,Rutten
2149,2149,s Gravenvoeren
2150,2150,s Gravenwezel
2151,2151,s Herenelderen
2152,2152,Saint-Amand
2153,2153,Saint-André
2154,2154,Saint-Aubin
2155,2155,Saint-Denis (Ht.)
2156,2156,Saint-Denis-Bovesse
2157,2157,Sainte-Cécile
2158,2158,Sainte-Marie-Chevigny
2159,2159,Sainte-Marie-sur-Semois
2160,2160,Sainte-Ode
2161,2161,Saintes
2162,2162,Saint-Georges-sur-Meuse
2163,2163,Saint-Gérard
2164,2164,Saint-Germain
2165,2165,Saint-Géry
2166,2166,Saint-Ghislain
2167,2167,Saint-Gilles
2168,2168,Saint-Hubert
2169,2169,Saint-Jean-Geest
2170,2170,Saint-Josse-ten-Noode
2171,2171,Saint-Léger (Ht.)
2172,2172,Saint-Léger (Lux.)
2173,2173,Saint-Marc
2174,2174,Saint-Mard
2175,2175,Saint-Martin
2176,2176,Saint-Maur
2177,2177,Saint-Médard
2178,2178,Saint-Nicolas (Lg.)
2179,2179,Saint-Pierre
2180,2180,Saint-Remy (Ht.)
2181,2181,Saint-Remy (Lg.)
2182,2182,Saint-Remy-Geest
2183,2183,Saint-Sauveur
2184,2184,Saint-Servais
2185,2185,Saint-Séverin
2186,2186,Saint-Symphorien
2187,2187,Saint-Vaast
2188,2188,Saint-Vincent
2189,2189,Saint-Vith
2190,2190,Saive
2191,2191,Salles
2192,2192,Samart
2193,2193,Sambreville
2194,2194,Samrée
2195,2195,Sankt Vith
2196,2196,Sars-la-Bruyère
2197,2197,Sars-la-Buissière
2198,2198,Sart-Bernard
2199,2199,Sart-Custinne
2200,2200,Sart-Dames-Avelines
2201,2201,Sart-en-Fagne
2202,2202,Sart-Eustache
2203,2203,Sart-lez-Spa
2204,2204,Sart-Saint-Laurent
2205,2205,Sautin
2206,2206,Sautour
2207,2207,Sauvenière
2208,2208,Schaarbeek
2209,2209,Schaerbeek
2210,2210,Schaffen
2211,2211,Schalkhoven
2212,2212,Schaltin
2213,2213,Schelderode
2214,2214,Scheldewindeke
2215,2215,Schelle
2216,2216,Schellebelle
2217,2217,Schendelbeke
2218,2218,Schepdaal
2219,2219,Scherpenheuvel
2220,2220,Schilde
2221,2221,Schoenberg
2222,2222,Schönberg
2223,2223,Schoonaarde
2224,2224,Schore
2225,2225,Schorisse
2226,2226,Schoten
2227,2227,Schriek
2228,2228,Schuiferskapelle
2229,2229,Schulen
2230,2230,Sclayn
2231,2231,Scy
2232,2232,Seilles
2233,2233,Sélange
2234,2234,Seloignes
2235,2235,Semmerzake
2236,2236,Seneffe
2237,2237,Sensenruth
2238,2238,Seny
2239,2239,Senzeille
2240,2240,Septon
2241,2241,Seraing
2242,2242,Seraing-le-Château
2243,2243,Serinchamps
2244,2244,Serskamp
2245,2245,Serville
2246,2246,Sibret
2247,2247,Signeulx
2248,2248,Sijsele
2249,2249,Silenrieux
2250,2250,Silly
2251,2251,Sinaai-Waas
2252,2252,Sinsin
2253,2253,Sint-Agatha-Berchem
2254,2254,Sint-Agatha-Rode
2255,2255,Sint-Amands
2256,2256,Sint-Amandsberg
2257,2257,Sint-Andries
2258,2258,Sint-Antelinks
2259,2259,Sint-Baafs-Vijve
2260,2260,Sint-Blasius-Boekel
2261,2261,Sint-Denijs
2262,2262,Sint-Denijs-Boekel
2263,2263,Sint-Denijs-Westrem
2264,2264,Sint-Eloois-Vijve
2265,2265,Sint-Eloois-Winkel
2266,2266,Sint-Genesius-Rode
2267,2267,Sint-Gillis
2268,2268,Sint-Gillis-Waas
2269,2269,Sint-Goriks-Oudenhove
2270,2270,Sint-Huibrechts-Hern
2271,2271,Sint-Huibrechts-Lille
2272,2272,Sint-Jacobs-Kapelle
2273,2273,Sint-Jan
2274,2274,Sint-Jan-in-Eremo
2275,2275,Sint-Jans-Molenbeek
2276,2276,Sint-Job-in-'t-Goor
2277,2277,Sint-Joost-ten-Node
2278,2278,Sint-Joris (Beernem)
2279,2279,Sint-Joris (Nieuwpoort)
2280,2280,Sint-Joris-Weert
2281,2281,Sint-Joris-Winge
2282,2282,Sint-Katelijne-Waver
2283,2283,Sint-Katherina-lombeek
2284,2284,Sint-Kornelis-Horebeke
2285,2285,Sint-Kruis (Brugge)
2286,2286,Sint-Kruis-Winkel
2287,2287,Sint-Kwintens-Lennik
2288,2288,Sint-Lambrechts-Herk
2289,2289,Sint-Lambrechts-Woluwe
2290,2290,Sint-Laureins
2291,2291,Sint-Laureins-Berchem
2292,2292,Sint-Lenaerts
2293,2293,Sint-Lievens-Esse
2294,2294,Sint-Lievens-Houtem
2295,2295,Sint-Margriete
2296,2296,Sint-Maria-Horebeke
2297,2297,Sint-Maria-Latem
2298,2298,Sint-Maria-Lierde
2299,2299,Sint-Martens-Bodegem
2300,2300,Sint-Martens-Latem
2301,2301,Sint-Martens-Leerne
2302,2302,Sint-Martens-Lennik
2303,2303,Sint-Martens-Lierde
2304,2304,Sint-Martens-Voeren
2305,2305,Sint-Michiels
2306,2306,Sint-Niklaas
2307,2307,Sint-Pauwels
2308,2308,Sint-Pieters-Kapelle (Bt.)
2309,2309,Sint-Pieters-Leeuw
2310,2310,Sint-Pieters-Rode
2311,2311,Sint-Pieters-Voeren
2312,2312,Sint-Pieters-Woluwe
2313,2313,Sint-Rijkers
2314,2314,Sint-Stevens-Woluwe
2315,2315,Sint-Truiden
2316,2316,Sint-Ulriks-Kapelle
2317,2317,Sippenaeken
2318,2318,Sirault
2319,2319,Sivry
2320,2320,Sivry-Rance
2321,2321,Sleidinge
2322,2322,Slijpe
2323,2323,Slins
2324,2324,Sluizen
2325,2325,Smeerebbe-Vloerzegem
2326,2326,Smetlede
2327,2327,Smuid
2328,2328,Snaaskerke
2329,2329,Snellegem
2330,2330,Soheit-Tinlot
2331,2331,Sohier
2332,2332,Soignies
2333,2333,Soiron
2334,2334,Solre-Saint-Géry
2335,2335,Solre-sur-Sambre
2336,2336,Sombreffe
2337,2337,Somme-Leuze
2338,2338,Sommethonne
2339,2339,Sommière
2340,2340,Somzée
2341,2341,Sorée
2342,2342,Sorinne-la-Longue
2343,2343,Sorinnes
2344,2344,Sosoye
2345,2345,Sougné-Remouchamps
2346,2346,Soulme
2347,2347,Soumagne
2348,2348,Soumoy
2349,2349,Sourbrodt
2350,2350,Souvret
2351,2351,Sovet
2352,2352,Soy
2353,2353,Soye (Nam.)
2354,2354,Spa
2355,2355,Spalbeek
2356,2356,Spiennes
2357,2357,Spiere
2358,2358,Spiere-Helkijn
2359,2359,Spontin
2360,2360,Sprimont
2361,2361,Spy
2362,2362,Stabroek
2363,2363,Staden
2364,2364,Stalhille
2365,2365,Stambruges
2366,2366,Stave
2367,2367,Stavele
2368,2368,Stavelot
2369,2369,Steendorp
2370,2370,Steenhuffel
2371,2371,Steenhuize-Wijnhuize
2372,2372,Steenkerke (W.-VL.)
2373,2373,Steenkerque (Ht.)
2374,2374,Steenokkerzeel
2375,2375,Stekene
2376,2376,Stembert
2377,2377,Stene
2378,2378,Sterrebeek
2379,2379,Stevoort
2380,2380,St-Gillis-bij-Dendermonde
2381,2381,St-Margriete (Kortenaken)
2382,2382,St-Margriete-Houtem(Tien.)
2383,2383,St-Maria-Oudenhove(Brakel)
2384,2384,St-Maria-Oudenhove(Zott.)
2385,2385,Stokkem
2386,2386,Stokrooie
2387,2387,Stoumont
2388,2388,St-Pieters-Kapelle(W.-Vl.)
2389,2389,Straimont
2390,2390,Strée (Ht.)
2391,2391,Strée-lez-Huy
2392,2392,Strépy-Bracquegnies
2393,2393,Strijpen
2394,2394,Strijtem
2395,2395,Strombeek-Bever
2396,2396,Stuivekenskerke
2397,2397,Suarlée
2398,2398,Sugny
2399,2399,Surice
2400,2400,Suxy
2401,2401,Tailles
2402,2402,Taintignies
2403,2403,Tamines
2404,2404,Tarcienne
2405,2405,Tavier
2406,2406,Taviers (Nam.)
2407,2407,Tavigny
2408,2408,Tellin
2409,2409,Templeuve
2410,2410,Temploux
2411,2411,Temse
2412,2412,Tenneville
2413,2413,Teralfene
2414,2414,Terhagen
2415,2415,Termes
2416,2416,Ternat
2417,2417,Tertre
2418,2418,Tervuren
2419,2419,Terwagne
2420,2420,Tessenderlo
2421,2421,Testelt
2422,2422,Teuven
2423,2423,Theux
2424,2424,Thiaumont
2425,2425,Thieu
2426,2426,Thieulain
2427,2427,Thieusies
2428,2428,Thiméon
2429,2429,Thimister
2430,2430,Thimister-Clermont
2431,2431,Thimougies
2432,2432,Thines
2433,2433,Thirimont
2434,2434,Thisnes
2435,2435,Thommen
2436,2436,Thon
2437,2437,Thorembais-les-Béguines
2438,2438,Thorembais-Saint-Trond
2439,2439,Thoricourt
2440,2440,Thuillies
2441,2441,Thuin
2442,2442,Thulin
2443,2443,Thumaide
2444,2444,Thy-le-Bauduin
2445,2445,Thy-le-Château
2446,2446,Thynes
2447,2447,Thys
2448,2448,Tiegem
2449,2449,Tielen
2450,2450,Tielrode
2451,2451,Tielt
2452,2452,Tielt (Bt.)
2453,2453,Tienen
2454,2454,Tignée
2455,2455,Tihange
2456,2456,Tildonk
2457,2457,Tilff
2458,2458,Tillet
2459,2459,Tilleur
2460,2460,Tillier
2461,2461,Tilly
2462,2462,Tinlot
2463,2463,Tintange
2464,2464,Tintigny
2465,2465,Tisselt
2466,2466,Toernich
2467,2467,Tohogne
2468,2468,Tollembeek
2469,2469,Tongeren
2470,2470,Tongerlo (Antw.)
2471,2471,Tongerlo (Limb.)
2472,2472,Tongre-Notre-Dame
2473,2473,Tongre-Saint-Martin
2474,2474,Tongrinne
2475,2475,Tontelange
2476,2476,Torgny
2477,2477,Torhout
2478,2478,Tourinne (Lg.)
2479,2479,Tourinnes-la-Grosse
2480,2480,Tourinnes-Saint-Lambert
2481,2481,Tournai
2482,2482,Tournay
2483,2483,Tourpes
2484,2484,Transinne
2485,2485,Trazegnies
2486,2486,Treignes
2487,2487,Trembleur
2488,2488,Tremelo
2489,2489,Trivières
2490,2490,Trognée
2491,2491,Trois-Ponts
2492,2492,Trooz
2493,2493,Tubize
2494,2494,Turnhout
2495,2495,Uccle
2496,2496,Ucimont
2497,2497,Uikhoven
2498,2498,Uitbergen
2499,2499,Uitkerke
2500,2500,Ukkel
2501,2501,Ulbeek
2502,2502,Upigny
2503,2503,Ursel
2504,2504,Vaalbeek
2505,2505,Val-Meer
2506,2506,Vance
2507,2507,Varendonk
2508,2508,Varsenare
2509,2509,Vaucelles
2510,2510,Vaulx (Tournai)
2511,2511,Vaulx-lez-Chimay
2512,2512,Vaux-Chavanne
2513,2513,Vaux-et-Borset
2514,2514,Vaux-lez-Rosières
2515,2515,Vaux-sous-Chèvremont
2516,2516,Vaux-sur-Sûre
2517,2517,Vechmaal
2518,2518,Vedrin
2519,2519,Veerle
2520,2520,Velaines
2521,2521,Velaine-sur-Sambre
2522,2522,Veldegem
2523,2523,Veldwezelt
2524,2524,Vellereille-les-Brayeux
2525,2525,Vellereille-le-Sec
2526,2526,Velm
2527,2527,Velroux
2528,2528,Veltem-Beisem
2529,2529,Velzeke-Ruddershove
2530,2530,Vencimont
2531,2531,Vergnies
2532,2532,Verlaine
2533,2533,Verlée
2534,2534,Verrebroek
2535,2535,Vertrijk
2536,2536,Verviers
2537,2537,Vesqueville
2538,2538,Veulen
2539,2539,Veurne
2540,2540,Vezin
2541,2541,Vezon
2542,2542,Viane
2543,2543,Vichte
2544,2544,Vielsalm
2545,2545,Viemme
2546,2546,Viersel
2547,2547,Vierset-Barse
2548,2548,Vierves-sur-Viroin
2549,2549,Viesville
2550,2550,Vieux-Genappe
2551,2551,Vieuxville
2552,2552,Vieux-Waleffe
2553,2553,Villance
2554,2554,Ville-en-Hesbaye
2555,2555,Ville-Pommeroeul
2556,2556,Villerot
2557,2557,Villers-aux-Tours
2558,2558,Villers-Deux-Eglises
2559,2559,Villers-devant-Orval
2560,2560,Villers-en-Fagne
2561,2561,Villers-la-Bonne-Eau
2562,2562,Villers-la-Loue
2563,2563,Villers-la-Tour
2564,2564,Villers-la-Ville
2565,2565,Villers-le-Bouillet
2566,2566,Villers-le-Gambon
2567,2567,Villers-le-Peuplier
2568,2568,Villers-le-Temple
2569,2569,Villers-l'Evêque
2570,2570,Villers-lez-Heest
2571,2571,Villers-Notre-Dame
2572,2572,Villers-Perwin
2573,2573,Villers-Poterie
2574,2574,Villers-Saint-Amand
2575,2575,Villers-Sainte-Gertrude
2576,2576,Villers-Saint-Ghislain
2577,2577,Villers-Saint-Siméon
2578,2578,Villers-sur-Lesse
2579,2579,Villers-sur-Semois
2580,2580,Ville-sur-Haine (Mons)
2581,2581,Ville-sur-Haine(Le Roeulx)
2582,2582,Vilvoorde
2583,2583,Vinalmont
2584,2584,Vinderhoute
2585,2585,Vinkem
2586,2586,Vinkt
2587,2587,Virelles
2588,2588,Virginal-Samme
2589,2589,Viroinval
2590,2590,Virton
2591,2591,Visé
2592,2592,Vissenaken
2593,2593,Vitrival
2594,2594,Vivegnis
2595,2595,Vivy
2596,2596,Vladslo
2597,2597,Vlamertinge
2598,2598,Vlekkem
2599,2599,Vleteren
2600,2600,Vlezenbeek
2601,2601,Vliermaal
2602,2602,Vliermaalroot
2603,2603,Vlierzele
2604,2604,Vlijtingen
2605,2605,Vlimmeren
2606,2606,Vlissegem
2607,2607,Vloesberg
2608,2608,Vodecée
2609,2609,Vodelée
2610,2610,Voeren
2611,2611,Vogenée
2612,2612,Volkegem
2613,2613,Vollezele
2614,2614,Vonêche
2615,2615,Voorde
2616,2616,Voormezele
2617,2617,Voort
2618,2618,Voroux-Goreux
2619,2619,Voroux-lez-Liers
2620,2620,Vorselaar
2621,2621,Vorsen
2622,2622,Vorst
2623,2623,Vorst (Kempen)
2624,2624,Vosselaar
2625,2625,Vosselare
2626,2626,Vossem
2627,2627,Vottem
2628,2628,Vrasene
2629,2629,Vremde
2630,2630,Vreren
2631,2631,Vresse-sur-Semois
2632,2632,Vroenhoven
2633,2633,Vucht
2634,2634,Vurste
2635,2635,Vyle-et-Tharoul
2636,2636,Waanrode
2637,2637,Waarbeke
2638,2638,Waardamme
2639,2639,Waarloos
2640,2640,Waarmaarde
2641,2641,Waarschoot
2642,2642,Waasmont
2643,2643,Waasmunster
2644,2644,Waasten
2645,2645,Wachtebeke
2646,2646,Wadelincourt
2647,2647,Wagnelée
2648,2648,Waha
2649,2649,Waillet
2650,2650,Waimes
2651,2651,Wakken
2652,2652,Walcourt
2653,2653,Walem
2654,2654,Walhain
2655,2655,Walhain-Saint-Paul
2656,2656,Walhorn
2657,2657,Walsbets
2658,2658,Walshoutem
2659,2659,Waltwilder
2660,2660,Wambeek
2661,2661,Wancennes
2662,2662,Wandre
2663,2663,Wanfercée-Baulet
2664,2664,Wange
2665,2665,Wangenies
2666,2666,Wanlin
2667,2667,Wanne
2668,2668,Wannebecq
2669,2669,Wannegem-Lede
2670,2670,Wansin
2671,2671,Wanze
2672,2672,Wanzele
2673,2673,Warchin
2674,2674,Warcoing
2675,2675,Wardin
2676,2676,Waregem
2677,2677,Waremme
2678,2678,Waret-la-Chaussée
2679,2679,Waret-l'Evêque
2680,2680,Warisoulx
2681,2681,Warnant
2682,2682,Warnant-Dreye
2683,2683,Warneton
2684,2684,Warquignies
2685,2685,Warsage
2686,2686,Warzée
2687,2687,Wasmes
2688,2688,Wasmes-Audemez-Briffoeil
2689,2689,Wasmuel
2690,2690,Wasseiges
2691,2691,Waterland-Oudeman
2692,2692,Waterloo
2693,2693,Watermaal-Bosvoorde
2694,2694,Watermael-Boitsfort
2695,2695,Watervliet
2696,2696,Watou
2697,2697,Wattripont
2698,2698,Waudrez
2699,2699,Waulsort
2700,2700,Wauthier-Braine
2701,2701,Wavre
2702,2702,Wavreille
2703,2703,Wayaux
2704,2704,Ways
2705,2705,Webbekom
2706,2706,Wechelderzande
2707,2707,Weelde
2708,2708,Weerde
2709,2709,Weert
2710,2710,Wegnez
2711,2711,Weillen
2712,2712,Weismes
2713,2713,Welden
2714,2714,Welkenraedt
2715,2715,Welle
2716,2716,Wellen
2717,2717,Wellin
2718,2718,Wemmel
2719,2719,Wenduine
2720,2720,Wépion
2721,2721,Werbomont
2722,2722,Werchter
2723,2723,Wéris
2724,2724,Werken
2725,2725,Werm
2726,2726,Wervik
2727,2727,Wespelaar
2728,2728,Westende
2729,2729,Westerlo
2730,2730,Westkapelle
2731,2731,Westkerke
2732,2732,Westmalle
2733,2733,Westmeerbeek
2734,2734,Westouter
2735,2735,Westrem
2736,2736,Westrozebeke
2737,2737,Westvleteren
2738,2738,Wetteren
2739,2739,Wevelgem
2740,2740,Wezemaal
2741,2741,Wezembeek-Oppem
2742,2742,Wezeren
2743,2743,Wez-Velvain
2744,2744,Wibrin
2745,2745,Wichelen
2746,2746,Widooie
2747,2747,Wiekevorst
2748,2748,Wielsbeke
2749,2749,Wierde
2750,2750,Wiers
2751,2751,Wiesme
2752,2752,Wieze
2753,2753,Wihéries
2754,2754,Wihogne
2755,2755,Wijchmaal
2756,2756,Wijer
2757,2757,Wijgmaal (Bt.)
2758,2758,Wijnegem
2759,2759,Wijshagen
2760,2760,Wijtschate
2761,2761,Wilderen
2762,2762,Willaupuis
2763,2763,Willebringen
2764,2764,Willebroek
2765,2765,Willemeau
2766,2766,Willerzie
2767,2767,Wilrijk (Antwerpen)
2768,2768,Wilsele
2769,2769,Wilskerke
2770,2770,Wimmertingen
2771,2771,Winenne
2772,2772,Wingene
2773,2773,Winksele
2774,2774,Wintershoven
2775,2775,Witry
2776,2776,Wodecq
2777,2777,Woesten
2778,2778,Wolkrange
2779,2779,Woluwé-Saint-Lambert
2780,2780,Woluwé-Saint-Pierre
2781,2781,Wolvertem
2782,2782,Wommelgem
2783,2783,Wommersom
2784,2784,Wonck
2785,2785,Wondelgem
2786,2786,Wontergem
2787,2787,Wortegem
2788,2788,Wortegem-Petegem
2789,2789,Wortel
2790,2790,Woubrechtegem
2791,2791,Woumen
2792,2792,Wulpen
2793,2793,Wulvergem
2794,2794,Wulveringem
2795,2795,Wuustwezel
2796,2796,Xhendelesse
2797,2797,Xhendremael
2798,2798,Xhoris
2799,2799,Yernée-Fraineux
2800,2800,Yves-Gomezée
2801,2801,Yvoir
2802,2802,Zaffelare
2803,2803,Zandbergen
2804,2804,Zande
2805,2805,Zandhoven
2806,2806,Zandvliet
2807,2807,Zandvoorde (Oostende)
2808,2808,Zandvoorde (Zonnebeke)
2809,2809,Zarlardinge
2810,2810,Zarren
2811,2811,Zaventem
2812,2812,Zedelgem
2813,2813,Zeebrugge (Brugge)
2814,2814,Zegelsem
2815,2815,Zele
2816,2816,Zelem
2817,2817,Zellik
2818,2818,Zelzate
2819,2819,Zemst
2820,2820,Zepperen
2821,2821,Zerkegem
2822,2822,Zétrud-Lumay
2823,2823,Zevekote
2824,2824,Zeveneken
2825,2825,Zeveren
2826,2826,Zevergem
2827,2827,Zichem
2828,2828,Zichen-Zussen-Bolder
2829,2829,Zillebeke
2830,2830,Zingem
2831,2831,Zoerle-Parwijs
2832,2832,Zoersel
2833,2833,Zolder
2834,2834,Zomergem
2835,2835,Zonhoven
2836,2836,Zonnebeke
2837,2837,Zonnegem
2838,2838,Zottegem
2839,2839,Zoutenaaie
2840,2840,Zoutleeuw
2841,2841,Zuidschote
2842,2842,Zuienkerke
2843,2843,Zulte
2844,2844,Zulzeke
2845,2845,Zutendaal
2846,2846,Zwalm
2847,2847,Zwevegem
2848,2848,Zwevezele
2849,2849,Zwijnaarde
2850,2850,Zwijndrecht